occasion,id,cycle
"1. neděle adventní A",advent_1_sunday,A
"Za zemřelé / Při pohřbu (v době velikonoční)",,
"1. neděle adventní B",advent_1_sunday,B
"4. neděle adventní C",advent_4_sunday,C
"Sobota po 2. neděli adventní",advent_2_saturday,
"1. neděle adventní C",advent_1_sunday,C
"Předvánoční týden (23. prosince)",advent_december_23,
"Pondělí po 1. neděli adventní",advent_1_monday,
"Úterý po 1. neděli adventní",advent_1_tuesday,
"2. neděle adventní A",advent_2_sunday,A
"Středa po 1. neděli adventní",advent_1_wednesday,
"28. neděle v mezidobí A",ordinary_time_28_sunday,A
"Čtvrtek po 1. neděli adventní",advent_1_thursday,
"Pátek po 1. neděli adventní",advent_1_friday,
"Pátek po 2. neděli velikonoční",easter_time_2_friday,
"3. neděle v mezidobí A",sunday_of_the_word_of_god,A
"Sobota po 1. neděli adventní",advent_1_saturday,
"5. neděle v mezidobí B",ordinary_time_5_sunday,B
"2. neděle adventní B",advent_2_sunday,B
"Pondělí po 2. neděli adventní",advent_2_monday,
"Středa po 3. neděli adventní",advent_3_wednesday,
"15. neděle v mezidobí B",ordinary_time_15_sunday,B
"19. neděle v mezidobí A",ordinary_time_19_sunday,A
"2. neděle adventní C",advent_2_sunday,C
"5. neděle postní C",lent_5_sunday,C
"30. neděle v mezidobí B",ordinary_time_30_sunday,B
"Úterý po 2. neděli adventní",advent_2_tuesday,
"Středa po 2. neděli adventní",advent_2_wednesday,
"Čtvrtek po 2. neděli adventní",advent_2_thursday,
"Pátek po 2. neděli adventní",advent_2_friday,
"Čtvrtek po Popeleční středě",thursday_after_ash_wednesday,
"Čtvrtek po 2. neděli postní",lent_2_thursday,
"6. neděle v mezidobí C",ordinary_time_6_sunday,C
"3. neděle adventní A",advent_3_sunday,A
"3. neděle adventní B",advent_3_sunday,B
"3. neděle adventní C",advent_3_sunday,C
"Navštívení Panny Marie (31. května)",visitation_of_mary,
"Pondělí po 3. neděli adventní",advent_3_monday,
"3. neděle v mezidobí B",sunday_of_the_word_of_god,B
"Úterý po 3. neděli adventní",advent_3_tuesday,
"Čtvrtek po 3. neděli adventní",advent_3_thursday,
"Pondělí po 4. neděli postní",lent_4_monday,
"Zmrtvýchvstání Páně, vigilie (4. čtení)",easter_sunday,
"3. neděle velikonoční C",easter_time_3_sunday,C
"10. neděle v mezidobí C",ordinary_time_10_sunday,C
"Pátek po 3. neděli adventní",advent_3_friday,
"Panny Marie Guadalupské (12. prosince)",our_lady_of_guadalupe,
"4. neděle adventní A",advent_4_sunday,A
"Předvánoční týden (20. prosince)",advent_december_20,
"4. neděle adventní B",advent_4_sunday,B
"Předvánoční týden (24. prosince)",advent_december_24,
"Předvánoční týden (17. prosince)",advent_december_17,
"Předvánoční týden (18. prosince)",advent_december_18,
"Předvánoční týden (19. prosince)",advent_december_19,
"Předvánoční týden (21. prosince)",advent_december_21,
"Předvánoční týden (22. prosince)",advent_december_22,
"Neposkvrněného Srdce Panny Marie",immaculate_heart_of_mary,
"O Panně Marii",,
"Narození Páně, vigilie",christmas,
"Narození Páně, v noci",christmas,
"Narození Páně, za svítání (v noci)",christmas,
"Narození Páně, ve dne",christmas,
"Svaté Rodiny A(BC) (pokud se čte čtení z Sir 3,3-17)",holy_family,A(BC)
"33. neděle v mezidobí A",ordinary_time_33_sunday,A
"O svatých",,
"Při svatbě",,
"Sv. Zdislavy (30. května)",zdislava_of_lemberk,
"Sv. Pia z Pietrelciny, kněze (23. září)",pius_of_pietrelcina_priest,
"Sv. Hedviky, řeholnice (16. října)",16/10,
"Svaté Rodiny B (pokud se čte čtení z Gn 15,1-6)",holy_family,B
"Svaté Rodiny C (pokud se čte čtení z 1 Sam 1,20-28)",holy_family,C
"Pátý den v oktávu Narození Páně (29. prosince)",christmas_octave_day_5,
"Šestý den v oktávu Narození Páně (30. prosince)",christmas_octave_day_6,
"Sedmý den v oktávu Narození Páně (31. prosince)",christmas_octave_day_7,
"Na začátku občanského roku (31. prosince, večer)",31/12,
"Nejsvětějšího Jména Ježíš (3. ledna)",most_holy_name_of_jesus,
"Nejsvětější Trojice C",trinity_sunday,C
"Při křtu dospělých",,
"Matky Boží, Panny Marie (1. ledna)",mary_mother_of_god,
"2. neděle po Narození Páně",second_sunday_after_christmas,
"Týden před Zjevením Páně (2. ledna)",christmas_time_january_2,
"Sobota po 4. neděli velikonoční",easter_time_4_saturday,
"Týden před Zjevením Páně (3. ledna)",christmas_time_january_3,
"Týden před Zjevením Páně (4. ledna)",christmas_time_january_4,
"Týden před Zjevením Páně (5. ledna)",christmas_time_january_5,
"Těla a Krve Páně, k adoraci",corpus_christi,
"Týden před Zjevením Páně (6. ledna, pokud je slavnost v neděli)",christmas_time_january_6,
"Týden po Zjevení Páně (11. ledna)",11/1,
"Pátek po Zjevení Páně",friday_after_epiphany,
"Těla a Krve Páně A",corpus_christi,A
"Týden před Zjevením Páně (7. ledna, pokud je slavnost v neděli)",christmas_time_january_7,
"Týden po Zjevení Páně (12. ledna)",12/1,
"Sobota po Zjevení Páně",saturday_after_epiphany,
"Pondělí po 6. neděli velikonoční",easter_time_6_monday,
"Zjevení Páně (6. ledna)",epiphany,
"Týden po Zjevení Páně (7. ledna)",7/1,
"Pondělí po Zjevení Páně",monday_after_epiphany,
"Týden po Zjevení Páně (8. ledna)",8/1,
"Úterý po Zjevení Páně",tuesday_after_epiphany,
"Týden po Zjevení Páně (9. ledna)",9/1,
"Středa po Zjevení Páně",wednesday_after_epiphany,
"Týden po Zjevení Páně (10. ledna)",10/1,
"Čtvrtek po Zjevení Páně",thursday_after_epiphany,
"Křtu Páně A(BC) (pokud se čte čtení z Iz 42,1-7)",baptism_of_the_lord,A(BC)
"Křtu Páně B (pokud se čte čtení z Iz 55,1-11)",baptism_of_the_lord,B
"Zmrtvýchvstání Páně, vigilie (5. čtení)",easter_sunday,
"Nejsvětějšího Srdce Ježíšova B",most_sacred_heart_of_jesus,B
"Křtu Páně C (pokud se čte čtení z Iz 40,1-11)",baptism_of_the_lord,C
"Popeleční středa",ash_wednesday,
"1. neděle postní A",lent_1_sunday,A
"Pátek po Popeleční středě",friday_after_ash_wednesday,
"Sobota po Popeleční středě",saturday_after_ash_wednesday,
"1. neděle postní B",lent_1_sunday,B
"1. neděle postní C",lent_1_sunday,C
"Pondělí po 1. neděli postní",lent_1_monday,
"3. neděle v mezidobí C",sunday_of_the_word_of_god,C
"Při svěcení kostela",,
"Úterý po 1. neděli postní",lent_1_tuesday,
"Středa po 1. neděli postní",lent_1_wednesday,
"Čtvrtek po 1. neděli postní",lent_1_thursday,
"Úterý po 6. neděli velikonoční",easter_time_6_tuesday,
"Pátek po 1. neděli postní",lent_1_friday,
"5. neděle postní A",lent_5_sunday,A
"10. neděle v mezidobí B",ordinary_time_10_sunday,B
"Sobota po 1. neděli postní",lent_1_saturday,
"2. neděle postní A",lent_2_sunday,A
"29. neděle v mezidobí B",ordinary_time_29_sunday,B
"2. neděle postní B",lent_2_sunday,B
"2. neděle postní C",lent_2_sunday,C
"Pondělí po 2. neděli postní",lent_2_monday,
"Úterý po 2. neděli postní",lent_2_tuesday,
"Středa po 2. neděli postní",lent_2_wednesday,
"Pátek po 2. neděli postní",lent_2_friday,
"Sobota po 2. neděli postní",lent_2_saturday,
"24. neděle v mezidobí A",ordinary_time_24_sunday,A
"3. neděle postní A",lent_3_sunday,A
"Čtvrtek po 3. neděli postní",lent_3_thursday,
"4. neděle v mezidobí B",ordinary_time_4_sunday,B
"23. neděle v mezidobí A",ordinary_time_23_sunday,A
"27. neděle v mezidobí C",ordinary_time_27_sunday,C
"3. neděle postní B",lent_3_sunday,B
"Zmrtvýchvstání Páně, vigilie (6. čtení)",easter_sunday,
"Seslání Ducha Svatého, vigilie (po čtení z Ex 19,3-20)",pentecost_sunday,
"3. neděle postní C",lent_3_sunday,C
"Pondělí po 3. neděli postní",lent_3_monday,
"Pondělí po 4. neděli velikonoční",easter_time_4_monday,
"Úterý po 3. neděli postní",lent_3_tuesday,
"26. neděle v mezidobí A",ordinary_time_26_sunday,A
"Středa po 3. neděli postní",lent_3_wednesday,
"Pátek po 3. neděli postní",lent_3_friday,
"Sobota po 3. neděli postní",lent_3_saturday,
"4. neděle postní A",lent_4_sunday,A
"Pondělí po 5. neděli postní",lent_5_monday,
"4. neděle velikonoční A",easter_time_4_sunday,A
"Nejsvětějšího Srdce Ježíšova C",most_sacred_heart_of_jesus,C
"16. neděle v mezidobí B",ordinary_time_16_sunday,B
"Ježíše Krista Krále A",christ_the_king_sunday,A
"Stolce sv. apoštola Petra (22. února)",chair_of_saint_peter_the_apostle,
"O duchovních pastýřích",,
"O svatých (v době velikonoční)",,
"Při křtu / Při biřmování",,
"Při svěcení jáhnů (v době velikonoční)",,
"Za zemřelé / Při pohřbu",,
"Sv. Basila Velikého a Řehoře Naziánského, biskupů a učitelů Církve (2. ledna)",basil_the_great_and_gregory_nazianzen_bishops,
"Sv. Anežky Římské, panny a mučednice (21. ledna)",agnes_of_rome_virgin,
"Sv. Jana I., papeže a mučedníka (18. května)",john_i_pope,
"Sv. Norberta, biskupa (6. června)",norbert_of_xanten_bishop,
"Sv. Apolináře, biskupa a mučedníka (20. července)",apollinaris_of_ravenna_bishop,
"Sv. Radima, biskupa (12. října)",radim_of_gniezno_bishop,
"Sv. Markéty Marie Alacoque, panny (16. října)",margaret_mary_alacoque_virgin,
"Sv. Gertrudy Veliké, panny (16. listopadu)",gertrude_the_great_virgin,
"Sv. Silvestra I., papeže (31. prosince)",sylvester_i_pope,
"4. neděle postní B",lent_4_sunday,B
"4. neděle postní C",lent_4_sunday,C
"Úterý po 4. neděli postní",lent_4_tuesday,
"Posvěcení lateránské baziliky (9. listopadu)",dedication_of_the_lateran_basilica,
"Výročí posvěcení kostela",,
"Středa po 4. neděli postní",lent_4_wednesday,
"Čtvrtek po 4. neděli postní",lent_4_thursday,
"Pátek po 4. neděli postní",lent_4_friday,
"Sobota po 4. neděli postní",lent_4_saturday,
"5. neděle postní B",lent_5_sunday,B
"Úterý po 5. neděli postní",lent_5_tuesday,
"Středa po 5. neděli postní",lent_5_wednesday,
"Nejsvětější Trojice A",trinity_sunday,A
"Čtvrtek po 5. neděli postní",lent_5_thursday,
"Pátek po 5. neděli postní",lent_5_friday,
"Sobota po 5. neděli postní",lent_5_saturday,
"Květná neděle",palm_sunday,
"Pondělí Svatého týdne",holy_monday,
"Úterý Svatého týdne",holy_tuesday,
"4. neděle v mezidobí C",ordinary_time_4_sunday,C
"Umučení sv. Jana Křtitele (29. srpna)",passion_of_saint_john_the_baptist,
"Středa Svatého týdne",holy_wednesday,
"Zelený čtvrtek, svěcení olejů",holy_thursday,
"Při svěcení kněží a biskupů",,
"Zelený čtvrtek",holy_thursday,
"Velký pátek",good_friday,
"Zmrtvýchvstání Páně, vigilie (1. čtení)",easter_sunday,
"Zmrtvýchvstání Páně, vigilie (2. čtení)",easter_sunday,
"33. neděle v mezidobí B",ordinary_time_33_sunday,B
"Zmrtvýchvstání Páně, vigilie (3. čtení)",easter_sunday,
"Zmrtvýchvstání Páně, vigilie (7. čtení)",easter_sunday,
"Zmrtvýchvstání Páně",easter_sunday,
"Pondělí v oktávu velikonočním",easter_monday,
"Čtvrtek po 7. neděli velikonoční",easter_time_7_thursday,
"Úterý v oktávu velikonočním",easter_tuesday,
"Středa v oktávu velikonočním",easter_wednesday,
"Čtvrtek v oktávu velikonočním",easter_thursday,
"Pátek v oktávu velikonočním",easter_friday,
"Sobota v oktávu velikonočním",easter_saturday,
"2. neděle velikonoční A",divine_mercy_sunday,A
"2. neděle velikonoční B",divine_mercy_sunday,B
"2. neděle velikonoční C",divine_mercy_sunday,C
"Pondělí po 2. neděli velikonoční",easter_time_2_monday,
"Úterý po 2. neděli velikonoční",easter_time_2_tuesday,
"Ježíše Krista Krále B",christ_the_king_sunday,B
"Středa po 2. neděli velikonoční",easter_time_2_wednesday,
"Čtvrtek po 2. neděli velikonoční",easter_time_2_thursday,
"Sobota po 2. neděli velikonoční",easter_time_2_saturday,
"5. neděle velikonoční A",easter_time_5_sunday,A
"3. neděle velikonoční A",easter_time_3_sunday,A
"3. neděle velikonoční B",easter_time_3_sunday,B
"Pondělí po 3. neděli velikonoční",easter_time_3_monday,
"Úterý po 3. neděli velikonoční",easter_time_3_tuesday,
"Středa po 3. neděli velikonoční",easter_time_3_wednesday,
"Čtvrtek po 3. neděli velikonoční",easter_time_3_thursday,
"Pátek po 3. neděli velikonoční",easter_time_3_friday,
"9. neděle v mezidobí C",ordinary_time_9_sunday,C
"21. neděle v mezidobí C",ordinary_time_21_sunday,C
"Obrácení sv. Pavla (25. ledna)",conversion_of_saint_paul_the_apostle,
"Sv. Tomáše (3. července)",thomas_apostle,
"Sv. Cyrila a Metoděje (5. července)",cyril_the_philosopher_monk_and_methodius_of_thessaloniki_bishop,
"O duchovních pastýřích (i v době velikonoční)",,
"Při biřmování (v době velikonoční)",,
"Sv. Blažeje, biskupa a mučedníka (3. února)",blaise_of_sebaste_bishop,
"Sv. Petra Chanela, kněze a mučedníka (28. dubna)",peter_chanel_priest,
"Sv. Bonifáce, biskupa a mučedníka (5. června)",boniface_of_mainz_bishop,
"Sv. Jana Marie Vianneye, kněze (4. srpna)",john_mary_vianney_priest,
"Sv. Pavla od Kříže, kněze (19. října)",paul_of_the_cross_priest,
"Sv. Wolfganga, biskupa (31. října)",wolfgang_of_regensburg_bishop,
"Sv. Františka Xaverského, kněze (3. prosince)",francis_xavier_priest,
"Sobota po 3. neděli velikonoční",easter_time_3_saturday,
"4. neděle velikonoční B",easter_time_4_sunday,B
"4. neděle velikonoční C",easter_time_4_sunday,C
"11. neděle v mezidobí A",ordinary_time_11_sunday,A
"Úterý po 4. neděli velikonoční",easter_time_4_tuesday,
"Středa po 4. neděli velikonoční",easter_time_4_wednesday,
"6. neděle velikonoční C",easter_time_6_sunday,C
"20. neděle v mezidobí A",ordinary_time_20_sunday,A
"Čtvrtek po 4. neděli velikonoční",easter_time_4_thursday,
"Pátek po 4. neděli velikonoční",easter_time_4_friday,
"5. neděle velikonoční B",easter_time_5_sunday,B
"5. neděle velikonoční C",easter_time_5_sunday,C
"Pondělí po 5. neděli velikonoční",easter_time_5_monday,
"Úterý po 5. neděli velikonoční",easter_time_5_tuesday,
"Středa po 5. neděli velikonoční",easter_time_5_wednesday,
"Čtvrtek po 5. neděli velikonoční",easter_time_5_thursday,
"Pátek po 5. neděli velikonoční",easter_time_5_friday,
"Sobota po 5. neděli velikonoční",easter_time_5_saturday,
"6. neděle velikonoční A",easter_time_6_sunday,A
"14. neděle v mezidobí C",ordinary_time_14_sunday,C
"6. neděle velikonoční B",easter_time_6_sunday,B
"Čtvrtek po 6. neděli velikonoční (pokud je slavnost v neděli)",easter_time_6_thursday,
"28. neděle v mezidobí C",ordinary_time_28_sunday,C
"Středa po 6. neděli velikonoční",easter_time_6_wednesday,
"O pannách (i v době velikonoční)",,
"Při pohřbu pokřtěného dítěte (v době velikonoční)",,
"Sv. Anděly Mericiové, panny (27. ledna)",angela_merici_virgin,
"Sv. Scholastiky, panny (10. února)",scholastica_of_nursia_virgin,
"Sv. Marie Magdalény de‘ Pazzi, panny (25. května)",mary_magdalene,
"Sv. Růženy z Limy, panny (23. srpna)",rose_of_lima_virgin,
"Nanebevstoupení Páně (čtvrtek po 6. neděli velikonoční)",ascension,
"Pátek po 6. neděli velikonoční",easter_time_6_friday,
"Sobota po 6. neděli velikonoční",easter_time_6_saturday,
"7. neděle velikonoční A",easter_time_7_sunday,A
"7. neděle velikonoční B",easter_time_7_sunday,B
"Pátek po 7. neděli velikonoční",easter_time_7_friday,
"7. neděle velikonoční C",easter_time_7_sunday,C
"Pondělí po 7. neděli velikonoční",easter_time_7_monday,
"Úterý po 7. neděli velikonoční",easter_time_7_tuesday,
"Středa po 7. neděli velikonoční",easter_time_7_wednesday,
"Sobota po 7. neděli velikonoční",easter_time_7_saturday,
"Seslání Ducha Svatého, vigilie (po čtení z Gn 11,1-9, pokud následuje čtení ze Starého zákona)",pentecost_sunday,
"Seslání Ducha Svatého, vigilie (po čtení z Ez 37,1-14, pokud následuje čtení ze Starého zákona)",pentecost_sunday,
"Seslání Ducha Svatého, vigilie (po posledním čtení ze Starého zákona)",pentecost_sunday,
"Seslání Ducha Svatého",pentecost_sunday,
"Panny Marie, Matky Církve (pondělí po Seslání Ducha Svatého)",mary_mother_of_the_church,
"Ježíše Krista, nejvyššího a věčného kněze A",our_lord_jesus_christ_the_eternal_high_priest,A
"Ježíše Krista, nejvyššího a věčného kněze B",our_lord_jesus_christ_the_eternal_high_priest,B
"Ježíše Krista, nejvyššího a věčného kněze C",our_lord_jesus_christ_the_eternal_high_priest,C
"Nejsvětější Trojice B",trinity_sunday,B
"Těla a Krve Páně B",corpus_christi,B
"Těla a Krve Páně C",corpus_christi,C
"Sv. Hilaria (13. ledna)",hilary_of_poitiers_bishop,
"O duchovních pastýřích (v době velikonoční)",,
"Při svěcení kněží a biskupů (v době velikonoční)",,
"Sv. Pia V., papeže (30. dubna)",pius_v_pope,
"Sv. Řehoře VII., papeže (25. května)",gregory_vii_pope,
"Sv. Damasa I., papeže (11. prosince)",damasus_i_pope,
"Nejsvětějšího Srdce Ježíšova A",most_sacred_heart_of_jesus,A
"2. neděle v mezidobí AB",ordinary_time_2_sunday,AB
"Sv. Fabiána, papeže a mučedníka (20. ledna)",fabian_i_pope,
"Sv. Vincence Ferrerského, kněze (5. dubna)",vincent_ferrer_priest,
"Sv. Ludvíka Marie Grigniona z Montfortu, kněze (28. dubna)",louis_grignion_de_montfort_priest,
"Sv. Klementa Maria Hofbauera, kněze (20. května)",clement_mary_hofbauer_priest,
"Sv. Bernardina Sienského, kněze (20. května)",bernardine_of_siena_priest,
"Sv. Paulína Nolánského, biskupa (22. června)",paulinus_of_nola_bishop,
"Sv. Vavřince z Brindisi, kněze a učitele Církve (21. července)",lawrence_of_brindisi_priest,
"Sv. Jana Zlatoústého, biskupa a učitele Církve (13. září)",john_chrysostom_bishop,
"Sv. Kalista I., papeže a mučedníka (14. října)",callistus_i_pope,
"Sv. Mikuláše, biskupa (6. prosince)",nicholas_of_myra_bishop,
"Sv. Petra Kanisia, kněze a učitele Církve (21. prosince)",peter_canisius_priest,
"2. neděle v mezidobí C",ordinary_time_2_sunday,C
"4. neděle v mezidobí A",ordinary_time_4_sunday,A
"5. neděle v mezidobí A",ordinary_time_5_sunday,A
"5. neděle v mezidobí C",ordinary_time_5_sunday,C
"6. neděle v mezidobí A",ordinary_time_6_sunday,A
"6. neděle v mezidobí B",ordinary_time_6_sunday,B
"7. neděle v mezidobí AC",ordinary_time_7_sunday,AC
"8. neděle v mezidobí B",ordinary_time_8_sunday,B
"7. neděle v mezidobí B",ordinary_time_7_sunday,B
"8. neděle v mezidobí A",ordinary_time_8_sunday,A
"8. neděle v mezidobí C",ordinary_time_8_sunday,C
"11. neděle v mezidobí B",ordinary_time_11_sunday,B
"9. neděle v mezidobí A",ordinary_time_9_sunday,A
"9. neděle v mezidobí B",ordinary_time_9_sunday,B
"10. neděle v mezidobí A",ordinary_time_10_sunday,A
"11. neděle v mezidobí C",ordinary_time_11_sunday,C
"12. neděle v mezidobí A",ordinary_time_12_sunday,A
"12. neděle v mezidobí B",ordinary_time_12_sunday,B
"12. neděle v mezidobí C",ordinary_time_12_sunday,C
"22. neděle v mezidobí A",ordinary_time_22_sunday,A
"Sv. Marie Magdalény (22. července)",mary_magdalene,
"Při řeholních slibech",,
"13. neděle v mezidobí A",ordinary_time_13_sunday,A
"13. neděle v mezidobí C",ordinary_time_13_sunday,C
"14. neděle v mezidobí A",ordinary_time_14_sunday,A
"31. neděle v mezidobí C",ordinary_time_31_sunday,C
"14. neděle v mezidobí B",ordinary_time_14_sunday,B
"15. neděle v mezidobí A",ordinary_time_15_sunday,A
"15. neděle v mezidobí C",ordinary_time_15_sunday,C
"16. neděle v mezidobí A",ordinary_time_16_sunday,A
"16. neděle v mezidobí C",ordinary_time_16_sunday,C
"22. neděle v mezidobí B",ordinary_time_22_sunday,B
"17. neděle v mezidobí A",ordinary_time_17_sunday,A
"17. neděle v mezidobí B",ordinary_time_17_sunday,B
"17. neděle v mezidobí C",ordinary_time_17_sunday,C
"18. neděle v mezidobí A",ordinary_time_18_sunday,A
"18. neděle v mezidobí B",ordinary_time_18_sunday,B
"18. neděle v mezidobí C",ordinary_time_18_sunday,C
"23. neděle v mezidobí C",ordinary_time_23_sunday,C
"19. neděle v mezidobí B",ordinary_time_19_sunday,B
"Při křtu (v době velikonoční)",,
"19. neděle v mezidobí C",ordinary_time_19_sunday,C
"20. neděle v mezidobí B",ordinary_time_20_sunday,B
"20. neděle v mezidobí C",ordinary_time_20_sunday,C
"21. neděle v mezidobí A",ordinary_time_21_sunday,A
"21. neděle v mezidobí B",ordinary_time_21_sunday,B
"22. neděle v mezidobí C",ordinary_time_22_sunday,C
"23. neděle v mezidobí B",ordinary_time_23_sunday,B
"26. neděle v mezidobí C",ordinary_time_26_sunday,C
"32. neděle v mezidobí B",ordinary_time_32_sunday,B
"24. neděle v mezidobí B",ordinary_time_24_sunday,B
"24. neděle v mezidobí C",ordinary_time_24_sunday,C
"25. neděle v mezidobí A",ordinary_time_25_sunday,A
"25. neděle v mezidobí B",ordinary_time_25_sunday,B
"O učitelích Církve",,
"25. neděle v mezidobí C",ordinary_time_25_sunday,C
"26. neděle v mezidobí B",ordinary_time_26_sunday,B
"27. neděle v mezidobí A",ordinary_time_27_sunday,A
"27. neděle v mezidobí B",ordinary_time_27_sunday,B
"28. neděle v mezidobí B",ordinary_time_28_sunday,B
"29. neděle v mezidobí A",ordinary_time_29_sunday,A
"29. neděle v mezidobí C",ordinary_time_29_sunday,C
"30. neděle v mezidobí A",ordinary_time_30_sunday,A
"31. neděle v mezidobí B",ordinary_time_31_sunday,B
"30. neděle v mezidobí C",ordinary_time_30_sunday,C
"31. neděle v mezidobí A",ordinary_time_31_sunday,A
"Sv. Terezie od Dítěte Ježíše (1. října)",therese_of_the_child_jesus_and_the_holy_face_of_lisieux_virgin,
"Sv. Romualda, opata (19. června)",romuald_of_ravenna_abbot,
"Sv. Jany Františky de Chantal, řeholnice (12. srpna)",jane_frances_de_chantal_religious,
"Sv. Jana Eudese, kněze (19. srpna)",john_eudes_priest,
"Sv. Moniky (27. srpna)",monica_of_hippo,
"Sv. Martina de Porres, řeholníka (3. listopadu)",martin_de_porres_religious,
"Sv. Jana Didaka Cuauhtlatoatzina (9. prosince)",juan_diego_cuauhtlatoatzin,
"32. neděle v mezidobí A",ordinary_time_32_sunday,A
"Za zemřelé",,
"32. neděle v mezidobí C",ordinary_time_32_sunday,C
"33. neděle v mezidobí C",ordinary_time_33_sunday,C
"Ježíše Krista Krále C",christ_the_king_sunday,C
"Panny Marie, Matky jednoty křesťanů (18. ledna)",our_lady_mother_of_christian_unity,
"O Panně Marii (i v době velikonoční)",,
"Panny Marie Karmelské (16. července)",our_lady_of_mount_carmel,
"Jména Panny Marie (12. září)",most_holy_name_of_mary,
"Panny Marie Růžencové (7. října)",our_lady_of_the_rosary,
"Zasvěcení Panny Marie v Jeruzalémě (21. listopadu)",presentation_of_mary,
"Sv. Timoteje a Tita (26. ledna)",timothy_of_ephesus_and_titus_of_crete_bishops,
"Sv. Vojtěcha (23. dubna)",adalbert_of_prague_bishop,
"Sv. Ansgara, biskupa (3. února)",ansgar_of_hamburg_bishop,
"Sv. Patrika, biskupa (17. března)",patrick_of_ireland_bishop,
"Sv. Turibia z Mongroveja, biskupa (23. března)",turibius_of_mogrovejo_bishop,
"Sv. Augustina z Canterbury, biskupa (27. května)",augustine_of_canterbury_bishop,
"Sv. Pavla VI., papeže (29. května)",paul_vi_pope,
"Bl. Česlava a sv. Hyacinta, kněží (17. července)",ceslaus_of_poland_and_hyacinth_of_poland_priests,
"Sv. Gorazda a druhů (27. července)",gorazd_of_moravia_and_companions,
"Sv. Dominika, kněze (8. srpna)",dominic_de_guzman_priest,
"Sv. Řehoře Velikého, papeže a učitele Církve (3. září)",gregory_i_the_great_pope,
"Sv. Jana Leonardiho, kněze (9. října)",john_leonardi_priest,
"Sv. Jana Pavla II., papeže (22. října)",john_paul_ii_pope,
"Sv. Antonína Marie Klareta, biskupa (24. října)",anthony_mary_claret_bishop,
"Sv. Kolumbána, opata (23. listopadu)",columban_of_luxeuil_abbot,
"Uvedení Páně do chrámu (2. února)",presentation_of_the_lord,
"Panny Marie Lurdské (11. února)",our_lady_of_lourdes,
"Posvěcení římské baziliky Panny Marie (5. srpna)",dedication_of_the_basilica_of_saint_mary_major,
"Sv. Josefa (19. března)",joseph_spouse_of_mary,
"Zvěstování Páně (25. března)",annunciation,
"Sv. Marka (25. dubna)",mark_evangelist,
"Sv. Josefa, dělníka (1. května)",joseph_the_worker,
"Sv. Filipa a Jakuba (3. května)",philip_and_james_apostles,
"Sv. Petra a Pavla, vigilie (28. června, večer)",peter_and_paul_apostles,
"Sv. Matouše (21. září)",matthew_apostle,
"Sv. Šimona a Judy (28. října)",simon_and_jude_apostles,
"Sv. Ondřeje (30. listopadu)",andrew_apostle,
"Sv. Matěje (14. května)",matthias_apostle,
"Sv. Jana Nepomuckého (16. května)",john_nepomucene_priest,
"Sv. Barnabáše (11. června)",barnabas_apostle,
"Posvěcení římských bazilik sv. Petra a Pavla (18. listopadu)",dedication_of_the_basilicas_of_saints_peter_and_paul_apostles,
"Narození sv. Jana Křtitele, vigilie (23. června, večer)",nativity_of_john_the_baptist,
"Narození sv. Jana Křtitele (24. června)",nativity_of_john_the_baptist,
"Sv. Petra a Pavla (29. června)",peter_and_paul_apostles,
"O mučednících (i v době velikonoční)",,
"Sv. Ignáce Antiochijského (17. října)",ignatius_of_antioch_bishop,
"Sv. Šebestiána, mučedníka (20. ledna)",sebastian_of_milan_martyr,
"Sv. Vincence, jáhna a mučedníka (22. ledna)",vincent_of_saragossa_deacon,
"Sv. Jana Ogilvie, kněze a mučedníka (10. března)",john_ogilvie_priest,
"Sv. Stanislava, biskupa a mučedníka (11. dubna)",stanislaus_of_szczepanow_bishop,
"Sv. Fidela ze Sigmaringy, kněze a mučedníka (24. dubna)",fidelis_of_sigmaringen_priest,
"Sv. Zikmunda, mučedníka (30. dubna)",sigismund_of_burgundy_martyr,
"Sv. Jana Sarkandra, kněze a mučedníka (6. května)",john_sarkander_priest,
"Sv. Kryštofa Magallanese, kněze, a druhů, mučedníků (21. května)",christopher_magallanes_priest_and_companions_martyrs,
"Sv. Justina, mučedníka (1. června)",justin_martyr,
"Sv. Pavlíny, panny a mučednice (6. června)",6/6,
"Bl. Marie Antoníny Kratochvílové, panny, a druhů, mučedníků (12. června)",12/6,
"Sv. Tomáše Becketa, biskupa a mučedníka (29. prosince)",thomas_apostle,B
"Sv. Prokopa (4. července)",procopius_of_sazava_abbot,
"Sv. Jana Křtitele de la Salle, kněze (7. dubna)",john_baptist_de_la_salle_priest,
"Sv. Rity z Cascie, řeholnice (22. května)",rita_of_cascia_religious,
"Sv. Jindřicha (13. července)",henry_ii_emperor,
"Sv. Petra Klavera, kněze (9. září)",peter_claver_priest,
"Sv. Bruna, kněze (6. října)",bruno_of_cologne_priest,
"Sv. Josafata, biskupa a mučedníka (12. listopadu)",josaphat_kuntsevych_bishop,
"Sv. Benedikta (11. července)",benedict_of_nursia_abbot,
"Sv. Jakuba (25. července)",james_apostle,
"Sv. Pavla Mikiho a druhů, mučedníků (6. února)",paul_miki_and_companions_martyrs,
"Sv. Martina I., papeže a mučedníka (13. dubna)",martin_i_pope,
"Sv. Jiří, mučedníka (24. dubna)",george_of_lydda_martyr,
"Sv. Jana Fishera, biskupa a Tomáše Mora, mučedníků (22. června)",john_fisher_bishop_and_thomas_more_martyrs,
"Sv. Augustina Žao Ronga, kněze, a druhů, mučedníků (9. července)",augustine_zhao_rong_priest_and_companions_martyrs,
"Sv. Sixta II., papeže, a druhů, mučedníků (7. srpna)",sixtus_ii_pope_and_companions_martyrs,
"Sv. Maxmiliána Marie Kolbeho, kněze a mučedníka (14. srpna)",maximilian_kolbe_priest,
"Sv. Kornélia, papeže, a Cypriána, biskupa, mučedníků (17. září)",cornelius_i_pope_and_cyprian_of_carthage_bishop_martyrs,
"Sv. Januária, biskupa a mučedníka (19. září)",januarius_i_of_benevento_bishop,
"Sv. Ondřeje Kim Tae-gỏna, kněze, Pavla Chõng Ha-sanga a druhů, mučedníků (20. září)",andrew_apostle,
"Sv. Kosmy a Damiána, mučedníků (26. září)",cosmas_of_cilicia_and_damian_of_cilicia_martyrs,
"Sv. Dionýsia, biskupa, a druhů, mučedníků (9. října)",denis_of_paris_bishop_and_companions_martyrs,
"Sv. Jana de Brébeuf a Izáka Joguese, kněží, a druhů, mučedníků (19. října)",john_de_brebeuf_isaac_jogues_priests_and_companions_martyrs,
"Sv. Ondřeje Dũng Lạca, kněze, a druhů, mučedníků (24. listopadu)",andrew_apostle,
"Sv. Jáchyma a Anny (26. července)",joachim_and_anne_parents_of_mary,
"Proměnění Páně (6. srpna)",transfiguration,
"Sv. Vavřince (10. srpna)",lawrence_of_rome_deacon,
"Nanebevzetí Panny Marie, vigilie (14. srpna, večer)",assumption,
"Nanebevzetí Panny Marie (15. srpna)",assumption,
"Sv. Bartoloměje (24. srpna)",bartholomew_apostle,
"Sv. Lukáše (18. října)",luke_evangelist,
"Narození Panny Marie (8. září)",nativity_of_mary,
"Povýšení svatého kříže (14. září)",exaltation_of_the_holy_cross,
"Panny Marie Bolestné (15. září)",our_lady_of_sorrows,
"Sv. Ludmily (16. září)",ludmila_of_bohemia_martyr,
"Sv. Václava (28. září)",wenceslaus_i_of_bohemia_martyr,
"Sv. Michaela, Gabriela a Rafaela (29. září)",michael_gabriel_and_raphael_archangels,
"Svatých andělů strážných (2. října)",guardian_angels,
"Všech svatých (1. listopadu)",all_saints,
"Panny Marie, počaté bez poskvrny prvotního hříchu (8. prosince)",immaculate_conception_of_mary,
"Sv. Štěpána (26. prosince)",stephen_the_first_martyr,
"Sv. Agáty, panny a mučednice (5. února)",agatha_of_sicily_virgin,
"Sv. Polykarpa, biskupa a mučedníka (23. února)",polycarp_of_smyrna_bishop,
"Sv. Marie Gorettiové, panny a mučednice (6. července)",maria_goretti_virgin,
"Bl. Hroznaty, mučedníka (14. července)",hroznata_of_bohemia_martyr,
"Sv. Melichara Grodeckého, kněze a mučedníka (7. září)",melchior_grodziecki_priest,
"Sv. Edmunda Kampiána, kněze a mučedníka (1. prosince)",edmund_campion_priest,
"Sv. Lucie, panny a mučednice (13. prosince)",lucy_of_syracuse_virgin,
"Sv. Jana Evangelisty (27. prosince)",john_apostle,
"Sv. Mláďátek (28. prosince)",holy_innocents_martyrs,
"Bl. Bedřicha Bachsteina a druhů, mučedníků (15. února)",15/2,
"Sv. Perpetuy a Felicity, mučednic (7. března)",perpetua_of_carthage_and_felicity_of_carthage_martyrs,
"Sv. Nerea a Achillea, mučedníků (12. května)",nereus_of_terracina_and_achilleus_of_terracina_martyrs,
"Sv. Marcelina a Petra, mučedníků (2. června)",marcellinus_of_rome_and_peter_the_exorcist_martyrs,
"Sv. Karla Lwangy a druhů, mučedníků (3. června)",charles_lwanga_and_companions_martyrs,
"Sv. Víta, mučedníka (15. června)",vitus_of_lucania_martyr,
"Sv. prvomučedníků římských (30. června)",first_martyrs_of_the_holy_roman_church,
"Sv. Ponciána, papeže, a Hippolyta, kněze, mučedníků (13. srpna)",pontian_i_pope_and_hippolytus_of_rome_priest,
"Sv. Benedikta, Jana, Matouše, Izáka a Kristina, mučedníků (25. srpna)",benedict_of_nursia_abbot,
"Bl. Karla Spinoly, kněze a mučedníka (10. září)",charles_spinola_priest,
"Bl. Marie Restituty Kafkové, panny a mučednice (29. října)",29/10,
"Sv. Kateřiny Alexandrijské, panny a mučednice (25. listopadu)",catherine_of_alexandria_virgin,
"Při svěcení oltáře",,
"Výročí posvěcení kostela (i v době velikonoční)",,
"Výročí posvěcení kostela (v době velikonoční)",,
"Při svěcení oltáře (i v době velikonoční)",,
"Panny Marie, Prostřednice všech milostí (8. května)",our_lady_mediatrix_of_all_grace,
"Panny Marie Královny (22. srpna)",queenship_of_mary,
"Panny Marie Fatimské (13. května)",our_lady_of_fatima,
"O svatých (i v době velikonoční)",,
"Sv. Antonína, opata (17. ledna)",anthony_of_egypt_abbot,
"Sv. Petra Damianiho, biskupa a učitele Církve (21. února)",peter_damian_bishop,
"Sv. Františka z Pauly, poustevníka (2. dubna)",francis_of_paola_hermit,
"Sv. Jana Nepomuckého Neumanna, biskupa (19. června)",john_nepomucene_neumann_bishop,
"Sv. Aloise Gonzagy, řeholníka (21. června)",aloysius_gonzaga_religious,
"Sv. Kláry, panny (11. srpna)",clare_of_assisi_virgin,
"Sv. Františka z Assisi (4. října)",francis_of_assisi,
"Bl. Karla Rakouského (21. října)",charles_i_of_austria,
"Sv. Jana Kapistránského, kněze (23. října)",john_of_capistrano_priest,
"Sv. Antonína z Padovy, kněze a učitele Církve (13. června)",anthony_of_padua_priest,
"Sv. Cyrila Alexandrijského, biskupa a učitele Církve (27. června)",cyril_of_alexandria_bishop,
"Sv. Eusebia z Vercelli, biskupa (2. srpna)",eusebius_of_vercelli_bishop,
"Sv. Pia X., papeže (21. srpna)",pius_x_pope,
"Sv. Karla Boromejského, biskupa (4. listopadu)",charles_borromeo_bishop,
"Sv. Martina, biskupa (11. listopadu)",martin_of_tours_bishop,
"Sv. Klementa I., papeže a mučedníka (23. listopadu)",clement_i_pope,
"Sv. Ambrože, biskupa a učitele Církve (7. prosince)",ambrose_of_milan_bishop,
"O učitelích Církve (i v době velikonoční)",,
"Sv. Františka Saleského, biskupa a učitele Církve (24. ledna)",francis_de_sales_bishop,
"Sv. Izidora, biskupa a učitele Církve (4. dubna)",isidore_of_seville_bishop,
"Sv. Atanáše, biskupa a učitele Církve (2. května)",athanasius_of_alexandria_bishop,
"Sv. Efréma Syrského, jáhna a učitele Církve (9. června)",ephrem_the_syrian_deacon,
"Sv. Ireneje, biskupa a mučedníka (28. června)",irenaeus_of_lyon_bishop,
"Sv. Lva Velikého, papeže a učitele Církve (10. listopadu)",leo_i_the_great_pope,
"Sv. Jana od Kříže, kněze a učitele Církve (14. prosince)",john_of_the_cross_priest,
"Sv. Cyrila Jeruzalémského, biskupa a učitele Církve (18. března)",cyril_of_jerusalem_bishop,
"Sv. Roberta Bellarmina, biskupa a učitele Církve (17. září)",robert_bellarmine_bishop,
"Sv. Terezie od Ježíše, panny a učitelky Církve (15. října)",teresa_of_jesus_of_avila_virgin,
"Sv. Tomáše Akvinského, kněze a učitele Církve (28. ledna)",thomas_apostle,A
"Sv. Bedy Ctihodného, kněze a učitele Církve (25. května)",bede_the_venerable_priest,
"Sv. Bonaventury, biskupa a učitele Církve (15. července)",bonaventure_of_bagnoregio_bishop,
"Sv. Petra Chryzologa, biskupa a učitele Církve (30. července)",peter_chrysologus_bishop,
"Sv. Alfonsa Marie z Liguori, biskupa a učitele Církve (1. srpna)",alphonsus_liguori_bishop,
"Sv. Bernarda, opata a učitele Církve (20. srpna)",bernard_of_clairvaux_abbot,
"Sv. Augustina, biskupa a učitele Církve (28. srpna)",augustine_of_hippo_bishop,
"Sv. Jeronýma, kněze a učitele Církve (30. září)",jerome_of_stridon_priest,
"Sv. Alberta Velikého, biskupa a učitele Církve (15. listopadu)",albert_the_great_bishop,
"O učitelích Církve (v době velikonoční)",,
"Sv. Jana Damašského, kněze a učitele Církve (4. prosince)",john_damascene_priest,
"Při řeholních slibech (i v době velikonoční)",,
"Sv. Terezie Benedikty od Kříže (9. srpna)",teresa_benedicta_of_the_cross_stein_virgin,
"Sv. Josefíny Bakhity, panny (8. února)",josephine_bakhita_virgin,
"Sv. Cecílie, panny a mučednice (22. listopadu)",cecilia_of_rome_virgin,
"Sv. Kazimíra (4. března)",casimir_of_poland,
"Sv. Šarbela Makhlúfa, kněze (24. července)",sharbel_makhluf_priest,
"Sv. Jana z Boha, řeholníka (8. března)",john_of_god_duarte_cidade_religious,
"Sv. Kamila de Lellis, kněze (14. července)",camillus_de_lellis_priest,
"Sv. Kajetána, kněze (7. srpna)",cajetan_of_thiene_priest,
"Sv. Štěpána Uherského (16. srpna)",stephen_i_of_hungary,
"Sv. Ludvíka (25. srpna)",louis_ix_of_france,
"Sv. Vincence z Pauly, kněze (27. září)",vincent_de_paul_priest,
"Sv. Markéty Skotské (16. listopadu)",margaret_of_scotland,
"Sv. Jana Kentského, kněze (23. prosince)",john_of_kanty_priest,
"Sv. Kateřiny Sienské (29. dubna)",catherine_of_siena_virgin,
"Sv. Rajmunda z Peñafortu, kněze (7. ledna)",raymond_of_penyafort_priest,
"Sv. Jana Boska, kněze (31. ledna)",john_bosco_priest,
"Sv. Pankráce, mučedníka (12. května)",pancras_of_rome_martyr,
"Sv. Alžběty Portugalské (4. července)",elizabeth_of_portugal,
"Sv. Anežky České, panny (13. listopadu)",agnes_of_bohemia_virgin,
"Při řeholních slibech (v době velikonoční)",,
"Sv. Františky Římské, řeholnice (9. března)",frances_of_rome_religious,
"Sv. Alžběty Uherské, řeholnice (17. listopadu)",elizabeth_of_hungary_religious,
"Sv. Brigity (23. července)",bridget_of_sweden_religious,
"Sv. Jeronýma Emilianiho (8. února)",jerome_emiliani,
"Sv. Alexia a druhů, řeholníků (17. února)",seven_holy_founders_of_the_servite_order,
"Sv. Anselma, biskupa a mučedníka (21. dubna)",anselm_of_canterbury_bishop,
"Sv. Filipa Neriho, kněze (26. května)",philip_neri_priest,
"Sv. Marty (29. července)",29/7,
"Sv. Ignáce z Loyoly, kněze (31. července)",ignatius_of_loyola_priest,
"Sv. Petra Juliána Eymarda, kněze (2. srpna)",peter_julian_eymard_priest,
"Sv. Josefa Kalasanského, kněze (25. srpna)",joseph_spouse_of_mary,
"Při křtu dospělých (i v době velikonoční)",,
"Při biřmování (i v době velikonoční)",,
"Při biřmování",,
"Při svěcení jáhnů",,
"Při svěcení kněží",,
"Při svatbě (v době velikonoční)",,
"Při žehnání opata a abatyše",,
"Při žehnání opata a abatyše (v době velikonoční)",,
"Při svěcení oltáře (v době velikonoční)",,
"Vzpomínka na všechny věrné zemřelé",all_souls,
"Při pohřbu pokřtěného dítěte - verze a)",,
"Při pohřbu dosud nepokřtěného dítěte - verze b)",,
"Pondělí 1. týdne 1",ordinary_time_1_monday,1
"Úterý 1. týdne 1",ordinary_time_1_tuesday,1
"Středa 1. týdne 1",ordinary_time_1_wednesday,1
"Středa 12. týdne 1",ordinary_time_12_wednesday,1
"Čtvrtek 1. týdne 1",ordinary_time_1_thursday,1
"Pátek 1. týdne 1",ordinary_time_1_friday,1
"Sobota 1. týdne 1",ordinary_time_1_saturday,1
"Pondělí 2. týdne 1",ordinary_time_2_monday,1
"Středa 2. týdne 1",ordinary_time_2_wednesday,1
"Středa 3. týdne 1",ordinary_time_3_wednesday,1
"Úterý 2. týdne 1",ordinary_time_2_tuesday,1
"Čtvrtek 2. týdne 1",ordinary_time_2_thursday,1
"Úterý 29. týdne 1",ordinary_time_29_tuesday,1
"Pondělí 24. týdne 2",ordinary_time_24_monday,2
"Pátek 2. týdne 1",ordinary_time_2_friday,1
"Sobota 2. týdne 1",ordinary_time_2_saturday,1
"Pondělí 3. týdne 1",ordinary_time_3_monday,1
"Úterý 3. týdne 1",ordinary_time_3_tuesday,1
"Čtvrtek 3. týdne 1",ordinary_time_3_thursday,1
"Sobota 29. týdne 1",ordinary_time_29_saturday,1
"Pátek 29. týdne 2",ordinary_time_29_friday,2
"Pondělí 32. týdne 2",ordinary_time_32_monday,2
"Pondělí 34. týdne 2",ordinary_time_34_monday,2
"Pátek 3. týdne 1",ordinary_time_3_friday,1
"Sobota 3. týdne 1",ordinary_time_3_saturday,1
"Čtvrtek 27. týdne 2",ordinary_time_27_thursday,2
"Pondělí 29. týdne 1",ordinary_time_29_monday,1
"Pondělí 4. týdne 1",ordinary_time_4_monday,1
"Úterý 4. týdne 1",ordinary_time_4_tuesday,1
"Středa 4. týdne 1",ordinary_time_4_wednesday,1
"Čtvrtek 4. týdne 1",ordinary_time_4_thursday,1
"Pátek 4. týdne 1",ordinary_time_4_friday,1
"Sobota 4. týdne 1",ordinary_time_4_saturday,1
"Středa 20. týdne 2",ordinary_time_20_wednesday,2
"Středa 32. týdne 2",ordinary_time_32_wednesday,2
"Pondělí 5. týdne 1",ordinary_time_5_monday,1
"Úterý 5. týdne 1",ordinary_time_5_tuesday,1
"Středa 5. týdne 1",ordinary_time_5_wednesday,1
"Čtvrtek 5. týdne 1",ordinary_time_5_thursday,1
"Čtvrtek 9. týdne 1",ordinary_time_9_thursday,1
"Pátek 12. týdne 1",ordinary_time_12_friday,1
"Sobota 20. týdne 1",ordinary_time_20_saturday,1
"Úterý 30. týdne 2",ordinary_time_30_tuesday,2
"Pátek 5. týdne 1",ordinary_time_5_friday,1
"Pondělí 8. týdne 1",ordinary_time_8_monday,1
"Sobota 5. týdne 1",ordinary_time_5_saturday,1
"Pondělí 6. týdne 1",ordinary_time_6_monday,1
"Úterý 6. týdne 1",ordinary_time_6_tuesday,1
"Středa 6. týdne 1",ordinary_time_6_wednesday,1
"Čtvrtek 6. týdne 1",ordinary_time_6_thursday,1
"Pátek 6. týdne 1",ordinary_time_6_friday,1
"Sobota 6. týdne 1",ordinary_time_6_saturday,1
"Sobota 31. týdne 1",ordinary_time_31_saturday,1
"Pondělí 7. týdne 1",ordinary_time_7_monday,1
"Sobota 14. týdne 2",ordinary_time_14_saturday,2
"Úterý 7. týdne 1",ordinary_time_7_tuesday,1
"Pátek 14. týdne 1",ordinary_time_14_friday,1
"Středa 7. týdne 1",ordinary_time_7_wednesday,1
"Čtvrtek 7. týdne 1",ordinary_time_7_thursday,1
"Čtvrtek 27. týdne 1",ordinary_time_27_thursday,1
"Středa 28. týdne 2",ordinary_time_28_wednesday,2
"Čtvrtek 29. týdne 1",ordinary_time_29_thursday,1
"Pondělí 30. týdne 2",ordinary_time_30_monday,2
"Pondělí 33. týdne 2",ordinary_time_33_monday,2
"Pátek 7. týdne 1",ordinary_time_7_friday,1
"Sobota 7. týdne 1",ordinary_time_7_saturday,1
"Úterý 8. týdne 1",ordinary_time_8_tuesday,1
"Středa 8. týdne 1",ordinary_time_8_wednesday,1
"Čtvrtek 8. týdne 1",ordinary_time_8_thursday,1
"Pátek 8. týdne 1",ordinary_time_8_friday,1
"Pondělí 21. týdne 1",ordinary_time_21_monday,1
"Čtvrtek 25. týdne 1",ordinary_time_25_thursday,1
"Úterý 23. týdne 2",ordinary_time_23_tuesday,2
"Sobota 8. týdne 1",ordinary_time_8_saturday,1
"Čtvrtek 26. týdne 1",ordinary_time_26_thursday,1
"Pondělí 9. týdne 1",ordinary_time_9_monday,1
"Pátek 6. týdne 2",ordinary_time_6_friday,2
"Sobota 32. týdne 2",ordinary_time_32_saturday,2
"Úterý 9. týdne 1",ordinary_time_9_tuesday,1
"Středa 9. týdne 1",ordinary_time_9_wednesday,1
"Pátek 9. týdne 1",ordinary_time_9_friday,1
"Sobota 9. týdne 1",ordinary_time_9_saturday,1
"Pondělí 10. týdne 1",ordinary_time_10_monday,1
"Úterý 10. týdne 1",ordinary_time_10_tuesday,1
"Středa 10. týdne 1",ordinary_time_10_wednesday,1
"Čtvrtek 10. týdne 1",ordinary_time_10_thursday,1
"Úterý 20. týdne 1",ordinary_time_20_tuesday,1
"Sobota 13. týdne 2",ordinary_time_13_saturday,2
"Sobota 20. týdne 2",ordinary_time_20_saturday,2
"Úterý 29. týdne 2",ordinary_time_29_tuesday,2
"Pátek 10. týdne 1",ordinary_time_10_friday,1
"Sobota 10. týdne 1",ordinary_time_10_saturday,1
"Pátek 7. týdne 2",ordinary_time_7_friday,2
"Pondělí 11. týdne 1",ordinary_time_11_monday,1
"Pondělí 28. týdne 1",ordinary_time_28_monday,1
"Pátek 31. týdne 1",ordinary_time_31_friday,1
"Úterý 8. týdne 2",ordinary_time_8_tuesday,2
"Úterý 11. týdne 1",ordinary_time_11_tuesday,1
"Středa 11. týdne 1",ordinary_time_11_wednesday,1
"Čtvrtek 11. týdne 1",ordinary_time_11_thursday,1
"Pátek 11. týdne 1",ordinary_time_11_friday,1
"Sobota 11. týdne 1",ordinary_time_11_saturday,1
"Pondělí 12. týdne 1",ordinary_time_12_monday,1
"Úterý 12. týdne 1",ordinary_time_12_tuesday,1
"Úterý 33. týdne 2",ordinary_time_33_tuesday,2
"Čtvrtek 12. týdne 1",ordinary_time_12_thursday,1
"Pátek 13. týdne 1",ordinary_time_13_friday,1
"Sobota 12. týdne 1",ordinary_time_12_saturday,1
"Pondělí 13. týdne 1",ordinary_time_13_monday,1
"Úterý 13. týdne 1",ordinary_time_13_tuesday,1
"Středa 13. týdne 1",ordinary_time_13_wednesday,1
"Čtvrtek 13. týdne 1",ordinary_time_13_thursday,1
"Sobota 13. týdne 1",ordinary_time_13_saturday,1
"Pondělí 14. týdne 1",ordinary_time_14_monday,1
"Úterý 14. týdne 1",ordinary_time_14_tuesday,1
"Středa 14. týdne 1",ordinary_time_14_wednesday,1
"Čtvrtek 14. týdne 1",ordinary_time_14_thursday,1
"Sobota 14. týdne 1",ordinary_time_14_saturday,1
"Pondělí 15. týdne 1",ordinary_time_15_monday,1
"Středa 29. týdne 1",ordinary_time_29_wednesday,1
"Úterý 15. týdne 1",ordinary_time_15_tuesday,1
"Středa 15. týdne 1",ordinary_time_15_wednesday,1
"Čtvrtek 15. týdne 1",ordinary_time_15_thursday,1
"Pátek 15. týdne 1",ordinary_time_15_friday,1
"Sobota 15. týdne 1",ordinary_time_15_saturday,1
"Pondělí 16. týdne 1",ordinary_time_16_monday,1
"Úterý 16. týdne 1",ordinary_time_16_tuesday,1
"Středa 16. týdne 1",ordinary_time_16_wednesday,1
"Čtvrtek 16. týdne 1",ordinary_time_16_thursday,1
"Pondělí 34. týdne 1",ordinary_time_34_monday,1
"Pátek 16. týdne 1",ordinary_time_16_friday,1
"Sobota 16. týdne 1",ordinary_time_16_saturday,1
"Čtvrtek 33. týdne 1",ordinary_time_33_thursday,1
"Pondělí 17. týdne 1",ordinary_time_17_monday,1
"Úterý 17. týdne 1",ordinary_time_17_tuesday,1
"Středa 17. týdne 1",ordinary_time_17_wednesday,1
"Čtvrtek 17. týdne 1",ordinary_time_17_thursday,1
"Sobota 16. týdne 2",ordinary_time_16_saturday,2
"Pátek 17. týdne 1",ordinary_time_17_friday,1
"Sobota 17. týdne 1",ordinary_time_17_saturday,1
"Pondělí 18. týdne 1",ordinary_time_18_monday,1
"Úterý 18. týdne 1",ordinary_time_18_tuesday,1
"Středa 18. týdne 1",ordinary_time_18_wednesday,1
"Čtvrtek 18. týdne 1",ordinary_time_18_thursday,1
"Pátek 18. týdne 1",ordinary_time_18_friday,1
"Sobota 18. týdne 1",ordinary_time_18_saturday,1
"Pondělí 19. týdne 1",ordinary_time_19_monday,1
"Pátek 30. týdne 1",ordinary_time_30_friday,1
"Středa 8. týdne 2",ordinary_time_8_wednesday,2
"Úterý 19. týdne 1",ordinary_time_19_tuesday,1
"Středa 19. týdne 1",ordinary_time_19_wednesday,1
"Čtvrtek 19. týdne 1",ordinary_time_19_thursday,1
"Pátek 19. týdne 1",ordinary_time_19_friday,1
"Sobota 19. týdne 1",ordinary_time_19_saturday,1
"Pátek 23. týdne 1",ordinary_time_23_friday,1
"Pondělí 20. týdne 1",ordinary_time_20_monday,1
"Středa 20. týdne 1",ordinary_time_20_wednesday,1
"Sobota 1. týdne 2",ordinary_time_1_saturday,2
"Čtvrtek 20. týdne 1",ordinary_time_20_thursday,1
"Pátek 20. týdne 1",ordinary_time_20_friday,1
"Úterý 21. týdne 1",ordinary_time_21_tuesday,1
"Středa 21. týdne 1",ordinary_time_21_wednesday,1
"Čtvrtek 21. týdne 1",ordinary_time_21_thursday,1
"Pátek 21. týdne 1",ordinary_time_21_friday,1
"Sobota 21. týdne 1",ordinary_time_21_saturday,1
"Pondělí 22. týdne 1",ordinary_time_22_monday,1
"Úterý 22. týdne 1",ordinary_time_22_tuesday,1
"Čtvrtek 31. týdne 1",ordinary_time_31_thursday,1
"Středa 22. týdne 1",ordinary_time_22_wednesday,1
"Čtvrtek 22. týdne 1",ordinary_time_22_thursday,1
"Pátek 22. týdne 1",ordinary_time_22_friday,1
"Sobota 24. týdne 1",ordinary_time_24_saturday,1
"Čtvrtek 8. týdne 2",ordinary_time_8_thursday,2
"Čtvrtek 34. týdne 2",ordinary_time_34_thursday,2
"Úterý 24. týdne 2",ordinary_time_24_tuesday,2
"Sobota 22. týdne 1",ordinary_time_22_saturday,1
"Pondělí 23. týdne 1",ordinary_time_23_monday,1
"Úterý 23. týdne 1",ordinary_time_23_tuesday,1
"Středa 23. týdne 1",ordinary_time_23_wednesday,1
"Čtvrtek 23. týdne 1",ordinary_time_23_thursday,1
"Sobota 23. týdne 1",ordinary_time_23_saturday,1
"Pondělí 28. týdne 2",ordinary_time_28_monday,2
"Pondělí 24. týdne 1",ordinary_time_24_monday,1
"Úterý 24. týdne 1",ordinary_time_24_tuesday,1
"Středa 24. týdne 1",ordinary_time_24_wednesday,1
"Pátek 30. týdne 2",ordinary_time_30_friday,2
"Čtvrtek 24. týdne 1",ordinary_time_24_thursday,1
"Pátek 24. týdne 1",ordinary_time_24_friday,1
"Pondělí 25. týdne 1",ordinary_time_25_monday,1
"Úterý 30. týdne 1",ordinary_time_30_tuesday,1
"Úterý 25. týdne 1",ordinary_time_25_tuesday,1
"Středa 25. týdne 1",ordinary_time_25_wednesday,1
"Pátek 25. týdne 1",ordinary_time_25_friday,1
"Sobota 25. týdne 1",ordinary_time_25_saturday,1
"Pátek 16. týdne 2",ordinary_time_16_friday,2
"Středa 18. týdne 2",ordinary_time_18_wednesday,2
"Pondělí 26. týdne 1",ordinary_time_26_monday,1
"Úterý 18. týdne 2",ordinary_time_18_tuesday,2
"Úterý 26. týdne 1",ordinary_time_26_tuesday,1
"Středa 26. týdne 1",ordinary_time_26_wednesday,1
"Pátek 12. týdne 2",ordinary_time_12_friday,2
"Pátek 26. týdne 1",ordinary_time_26_friday,1
"Čtvrtek 12. týdne 2",ordinary_time_12_thursday,2
"Sobota 26. týdne 1",ordinary_time_26_saturday,1
"Pondělí 27. týdne 1",ordinary_time_27_monday,1
"Úterý 27. týdne 1",ordinary_time_27_tuesday,1
"Středa 27. týdne 1",ordinary_time_27_wednesday,1
"Pátek 27. týdne 1",ordinary_time_27_friday,1
"Sobota 27. týdne 1",ordinary_time_27_saturday,1
"Úterý 28. týdne 1",ordinary_time_28_tuesday,1
"Pátek 32. týdne 1",ordinary_time_32_friday,1
"Středa 28. týdne 1",ordinary_time_28_wednesday,1
"Čtvrtek 28. týdne 1",ordinary_time_28_thursday,1
"Pátek 28. týdne 1",ordinary_time_28_friday,1
"Sobota 28. týdne 1",ordinary_time_28_saturday,1
"Pátek 29. týdne 1",ordinary_time_29_friday,1
"Pondělí 30. týdne 1",ordinary_time_30_monday,1
"Středa 30. týdne 1",ordinary_time_30_wednesday,1
"Čtvrtek 30. týdne 1",ordinary_time_30_thursday,1
"Sobota 30. týdne 1",ordinary_time_30_saturday,1
"Pondělí 31. týdne 1",ordinary_time_31_monday,1
"Úterý 31. týdne 1",ordinary_time_31_tuesday,1
"Pondělí 31. týdne 2",ordinary_time_31_monday,2
"Středa 31. týdne 1",ordinary_time_31_wednesday,1
"Pondělí 32. týdne 1",ordinary_time_32_monday,1
"Úterý 32. týdne 1",ordinary_time_32_tuesday,1
"Středa 32. týdne 1",ordinary_time_32_wednesday,1
"Čtvrtek 32. týdne 1",ordinary_time_32_thursday,1
"Sobota 32. týdne 1",ordinary_time_32_saturday,1
"Pondělí 33. týdne 1",ordinary_time_33_monday,1
"Úterý 33. týdne 1",ordinary_time_33_tuesday,1
"Pondělí 4. týdne 2",ordinary_time_4_monday,2
"Středa 33. týdne 1",ordinary_time_33_wednesday,1
"Čtvrtek 4. týdne 2",ordinary_time_4_thursday,2
"Sobota 33. týdne 1",ordinary_time_33_saturday,1
"Úterý 34. týdne 1",ordinary_time_34_tuesday,1
"Středa 34. týdne 1",ordinary_time_34_wednesday,1
"Čtvrtek 34. týdne 1",ordinary_time_34_thursday,1
"Pátek 34. týdne 1",ordinary_time_34_friday,1
"Sobota 34. týdne 1",ordinary_time_34_saturday,1
"Pondělí 1. týdne 2",ordinary_time_1_monday,2
"Úterý 1. týdne 2",ordinary_time_1_tuesday,2
"Středa 1. týdne 2",ordinary_time_1_wednesday,2
"Čtvrtek 1. týdne 2",ordinary_time_1_thursday,2
"Pátek 1. týdne 2",ordinary_time_1_friday,2
"Pondělí 2. týdne 2",ordinary_time_2_monday,2
"Pondělí 15. týdne 2",ordinary_time_15_monday,2
"Úterý 2. týdne 2",ordinary_time_2_tuesday,2
"Středa 2. týdne 2",ordinary_time_2_wednesday,2
"Čtvrtek 30. týdne 2",ordinary_time_30_thursday,2
"Sobota 33. týdne 2",ordinary_time_33_saturday,2
"Čtvrtek 2. týdne 2",ordinary_time_2_thursday,2
"Pátek 2. týdne 2",ordinary_time_2_friday,2
"Sobota 2. týdne 2",ordinary_time_2_saturday,2
"Pondělí 3. týdne 2",ordinary_time_3_monday,2
"Úterý 3. týdne 2",ordinary_time_3_tuesday,2
"Středa 3. týdne 2",ordinary_time_3_wednesday,2
"Čtvrtek 3. týdne 2",ordinary_time_3_thursday,2
"Pátek 3. týdne 2",ordinary_time_3_friday,2
"Sobota 3. týdne 2",ordinary_time_3_saturday,2
"Úterý 4. týdne 2",ordinary_time_4_tuesday,2
"Středa 4. týdne 2",ordinary_time_4_wednesday,2
"Pátek 4. týdne 2",ordinary_time_4_friday,2
"Sobota 4. týdne 2",ordinary_time_4_saturday,2
"Pondělí 5. týdne 2",ordinary_time_5_monday,2
"Úterý 5. týdne 2",ordinary_time_5_tuesday,2
"Středa 5. týdne 2",ordinary_time_5_wednesday,2
"Čtvrtek 5. týdne 2",ordinary_time_5_thursday,2
"Pátek 5. týdne 2",ordinary_time_5_friday,2
"Sobota 5. týdne 2",ordinary_time_5_saturday,2
"Pondělí 6. týdne 2",ordinary_time_6_monday,2
"Úterý 6. týdne 2",ordinary_time_6_tuesday,2
"Středa 6. týdne 2",ordinary_time_6_wednesday,2
"Pondělí 25. týdne 2",ordinary_time_25_monday,2
"Čtvrtek 6. týdne 2",ordinary_time_6_thursday,2
"Sobota 6. týdne 2",ordinary_time_6_saturday,2
"Pondělí 7. týdne 2",ordinary_time_7_monday,2
"Úterý 7. týdne 2",ordinary_time_7_tuesday,2
"Středa 7. týdne 2",ordinary_time_7_wednesday,2
"Čtvrtek 7. týdne 2",ordinary_time_7_thursday,2
"Sobota 7. týdne 2",ordinary_time_7_saturday,2
"Pondělí 8. týdne 2",ordinary_time_8_monday,2
"Pátek 8. týdne 2",ordinary_time_8_friday,2
"Úterý 21. týdne 2",ordinary_time_21_tuesday,2
"Úterý 34. týdne 2",ordinary_time_34_tuesday,2
"Sobota 8. týdne 2",ordinary_time_8_saturday,2
"Pondělí 9. týdne 2",ordinary_time_9_monday,2
"Úterý 9. týdne 2",ordinary_time_9_tuesday,2
"Středa 9. týdne 2",ordinary_time_9_wednesday,2
"Čtvrtek 9. týdne 2",ordinary_time_9_thursday,2
"Pátek 9. týdne 2",ordinary_time_9_friday,2
"Sobota 9. týdne 2",ordinary_time_9_saturday,2
"Pondělí 10. týdne 2",ordinary_time_10_monday,2
"Úterý 10. týdne 2",ordinary_time_10_tuesday,2
"Středa 10. týdne 2",ordinary_time_10_wednesday,2
"Čtvrtek 10. týdne 2",ordinary_time_10_thursday,2
"Pátek 10. týdne 2",ordinary_time_10_friday,2
"Sobota 10. týdne 2",ordinary_time_10_saturday,2
"Pondělí 11. týdne 2",ordinary_time_11_monday,2
"Úterý 11. týdne 2",ordinary_time_11_tuesday,2
"Středa 11. týdne 2",ordinary_time_11_wednesday,2
"Čtvrtek 11. týdne 2",ordinary_time_11_thursday,2
"Pátek 11. týdne 2",ordinary_time_11_friday,2
"Sobota 11. týdne 2",ordinary_time_11_saturday,2
"Pondělí 12. týdne 2",ordinary_time_12_monday,2
"Úterý 12. týdne 2",ordinary_time_12_tuesday,2
"Středa 12. týdne 2",ordinary_time_12_wednesday,2
"Sobota 12. týdne 2",ordinary_time_12_saturday,2
"Pondělí 13. týdne 2",ordinary_time_13_monday,2
"Úterý 13. týdne 2",ordinary_time_13_tuesday,2
"Středa 13. týdne 2",ordinary_time_13_wednesday,2
"Čtvrtek 13. týdne 2",ordinary_time_13_thursday,2
"Pátek 13. týdne 2",ordinary_time_13_friday,2
"Pondělí 14. týdne 2",ordinary_time_14_monday,2
"Úterý 14. týdne 2",ordinary_time_14_tuesday,2
"Středa 14. týdne 2",ordinary_time_14_wednesday,2
"Čtvrtek 14. týdne 2",ordinary_time_14_thursday,2
"Pátek 14. týdne 2",ordinary_time_14_friday,2
"Úterý 15. týdne 2",ordinary_time_15_tuesday,2
"Středa 15. týdne 2",ordinary_time_15_wednesday,2
"Čtvrtek 15. týdne 2",ordinary_time_15_thursday,2
"Pátek 15. týdne 2",ordinary_time_15_friday,2
"Sobota 15. týdne 2",ordinary_time_15_saturday,2
"Pondělí 16. týdne 2",ordinary_time_16_monday,2
"Úterý 16. týdne 2",ordinary_time_16_tuesday,2
"Středa 16. týdne 2",ordinary_time_16_wednesday,2
"Čtvrtek 16. týdne 2",ordinary_time_16_thursday,2
"Pondělí 17. týdne 2",ordinary_time_17_monday,2
"Pondělí 20. týdne 2",ordinary_time_20_monday,2
"Úterý 17. týdne 2",ordinary_time_17_tuesday,2
"Středa 17. týdne 2",ordinary_time_17_wednesday,2
"Čtvrtek 17. týdne 2",ordinary_time_17_thursday,2
"Pátek 17. týdne 2",ordinary_time_17_friday,2
"Sobota 17. týdne 2",ordinary_time_17_saturday,2
"Pondělí 18. týdne 2",ordinary_time_18_monday,2
"Čtvrtek 18. týdne 2",ordinary_time_18_thursday,2
"Čtvrtek 20. týdne 2",ordinary_time_20_thursday,2
"Sobota 19. týdne 2",ordinary_time_19_saturday,2
"Pátek 18. týdne 2",ordinary_time_18_friday,2
"Sobota 18. týdne 2",ordinary_time_18_saturday,2
"Pondělí 19. týdne 2",ordinary_time_19_monday,2
"Úterý 19. týdne 2",ordinary_time_19_tuesday,2
"Pátek 33. týdne 2",ordinary_time_33_friday,2
"Středa 19. týdne 2",ordinary_time_19_wednesday,2
"Čtvrtek 19. týdne 2",ordinary_time_19_thursday,2
"Pátek 19. týdne 2",ordinary_time_19_friday,2
"Úterý 20. týdne 2",ordinary_time_20_tuesday,2
"Pátek 20. týdne 2",ordinary_time_20_friday,2
"Pondělí 21. týdne 2",ordinary_time_21_monday,2
"Středa 21. týdne 2",ordinary_time_21_wednesday,2
"Čtvrtek 21. týdne 2",ordinary_time_21_thursday,2
"Pátek 21. týdne 2",ordinary_time_21_friday,2
"Sobota 21. týdne 2",ordinary_time_21_saturday,2
"Pondělí 22. týdne 2",ordinary_time_22_monday,2
"Úterý 22. týdne 2",ordinary_time_22_tuesday,2
"Středa 22. týdne 2",ordinary_time_22_wednesday,2
"Čtvrtek 22. týdne 2",ordinary_time_22_thursday,2
"Pátek 22. týdne 2",ordinary_time_22_friday,2
"Sobota 22. týdne 2",ordinary_time_22_saturday,2
"Pondělí 23. týdne 2",ordinary_time_23_monday,2
"Středa 23. týdne 2",ordinary_time_23_wednesday,2
"Čtvrtek 23. týdne 2",ordinary_time_23_thursday,2
"Pátek 23. týdne 2",ordinary_time_23_friday,2
"Sobota 23. týdne 2",ordinary_time_23_saturday,2
"Středa 24. týdne 2",ordinary_time_24_wednesday,2
"Čtvrtek 24. týdne 2",ordinary_time_24_thursday,2
"Pátek 24. týdne 2",ordinary_time_24_friday,2
"Sobota 24. týdne 2",ordinary_time_24_saturday,2
"Úterý 25. týdne 2",ordinary_time_25_tuesday,2
"Středa 25. týdne 2",ordinary_time_25_wednesday,2
"Čtvrtek 25. týdne 2",ordinary_time_25_thursday,2
"Sobota 25. týdne 2",ordinary_time_25_saturday,2
"Pátek 25. týdne 2",ordinary_time_25_friday,2
"Pondělí 26. týdne 2",ordinary_time_26_monday,2
"Úterý 26. týdne 2",ordinary_time_26_tuesday,2
"Středa 26. týdne 2",ordinary_time_26_wednesday,2
"Čtvrtek 26. týdne 2",ordinary_time_26_thursday,2
"Pátek 26. týdne 2",ordinary_time_26_friday,2
"Sobota 26. týdne 2",ordinary_time_26_saturday,2
"Pondělí 27. týdne 2",ordinary_time_27_monday,2
"Úterý 27. týdne 2",ordinary_time_27_tuesday,2
"Středa 27. týdne 2",ordinary_time_27_wednesday,2
"Pátek 27. týdne 2",ordinary_time_27_friday,2
"Sobota 27. týdne 2",ordinary_time_27_saturday,2
"Úterý 28. týdne 2",ordinary_time_28_tuesday,2
"Čtvrtek 28. týdne 2",ordinary_time_28_thursday,2
"Pátek 28. týdne 2",ordinary_time_28_friday,2
"Sobota 28. týdne 2",ordinary_time_28_saturday,2
"Středa 29. týdne 2",ordinary_time_29_wednesday,2
"Čtvrtek 29. týdne 2",ordinary_time_29_thursday,2
"Sobota 29. týdne 2",ordinary_time_29_saturday,2
"Pátek 31. týdne 2",ordinary_time_31_friday,2
"Středa 30. týdne 2",ordinary_time_30_wednesday,2
"Sobota 30. týdne 2",ordinary_time_30_saturday,2
"Úterý 31. týdne 2",ordinary_time_31_tuesday,2
"Středa 31. týdne 2",ordinary_time_31_wednesday,2
"Čtvrtek 31. týdne 2",ordinary_time_31_thursday,2
"Sobota 31. týdne 2",ordinary_time_31_saturday,2
"Úterý 32. týdne 2",ordinary_time_32_tuesday,2
"Čtvrtek 32. týdne 2",ordinary_time_32_thursday,2
"Pátek 32. týdne 2",ordinary_time_32_friday,2
"Středa 33. týdne 2",ordinary_time_33_wednesday,2
"Čtvrtek 33. týdne 2",ordinary_time_33_thursday,2
"Středa 34. týdne 2",ordinary_time_34_wednesday,2
"Pátek 34. týdne 2",ordinary_time_34_friday,2
"Sobota 34. týdne 2",ordinary_time_34_saturday,2
